keyword,store
fitness,https://ggfitnessequip.myshopify.com/collections/home-fitness-equipment
fitness,https://i-heart-synergee.myshopify.com/
fitness,https://core-home-fitness.myshopify.com/
fitness,https://topfitnessstore.myshopify.com/
fitness,https://bodybasics.myshopify.com/collections/all
fitness,https://heroboardfitness.myshopify.com/
fitness,https://homegymfitnesspro.myshopify.com/
fitness,https://norsefitnessapparel.myshopify.com/?rfsn=6494431.33e3a5
skincare,https://revision-skincare.myshopify.com/collections/best-sellers
skincare,https://sukoshi-mart-online.myshopify.com/collections/korean-skincare
skincare,https://medik8skin-us.myshopify.com/collections/all
skincare,https://the-skin-clique.myshopify.com/
skincare,https://bluemercury-inc.myshopify.com/collections/skin-care-best-sellers
skincare,https://drsamus.myshopify.com/collections/shop
skincare,https://skinfo-shop.myshopify.com/
skincare,https://ilia-beauty-v2.myshopify.com/
skincare,https://osea-malibu.myshopify.com/collections/bestsellers
skincare,https://skin-authority.myshopify.com/
